product_id,brand,roaster_name,title,price,currency,product_type,description,availability,sku,url,material,size,color,created_at,updated_at,published_at,weight,primary_image,secondary_images,total_images,roast,finish,grind_size,quantity_per_month,model,material_type,roast_date,origin,subscription_plan
7111483162699,Nylon Coffee,Nylon,Handy Brew Clever Dripper Set,36.5,USD,,"The Clever coffee dripper combines the beauty of French Press and filter drip brewing, eliminating the drawbacks of each. Designed with a stopper in a detachable base of the dripper, you can control the steeping time with a sediment-free cup. The stopper keeps the coffee inside the dripper until you place it on a cup or decanter to lift up the stopper and drain your brew. Inclusive of 100 filters.",out of stock,1cupClever,https://nylon.coffee/products/handy-brew-clever-dripper-set,,1 cup,,2024-05-22T05:41:44.000Z,2025-10-05T02:49:21.000Z,2024-05-22T05:41:44.000Z,0.35 kg,https://cdn.shopify.com/s/files/1/0571/5358/5227/files/DSC02882_-_edited_copy.jpg,"[""https://cdn.shopify.com/s/files/1/0571/5358/5227/files/DSC02886_-_edited2_copy.jpg"", ""https://cdn.shopify.com/s/files/1/0571/5358/5227/files/DSC02886_-_edited2.jpg""]",3.0,,,,,,,,,
7111483162699,Nylon Coffee,Nylon,Handy Brew Clever Dripper Set,39.5,USD,,"The Clever coffee dripper combines the beauty of French Press and filter drip brewing, eliminating the drawbacks of each. Designed with a stopper in a detachable base of the dripper, you can control the steeping time with a sediment-free cup. The stopper keeps the coffee inside the dripper until you place it on a cup or decanter to lift up the stopper and drain your brew. Inclusive of 100 filters.",out of stock,2cupClever,https://nylon.coffee/products/handy-brew-clever-dripper-set,,2 cup,,2024-05-22T05:41:44.000Z,2025-10-05T02:49:21.000Z,2024-05-22T05:41:44.000Z,0.6 kg,https://cdn.shopify.com/s/files/1/0571/5358/5227/files/DSC02877_-_edited_copy.jpg,"[""https://cdn.shopify.com/s/files/1/0571/5358/5227/files/DSC02886_-_edited2_copy.jpg"", ""https://cdn.shopify.com/s/files/1/0571/5358/5227/files/DSC02886_-_edited2.jpg""]",3.0,,,,,,,,,
7111499808843,Nylon Coffee,Nylon,Kalita Wave Filter,16.0,USD,,"The Kalita Wave filters pair with the Kalita Wave drippers to give a clean and consistent cup. Due to the wave ridges, the air pockets between the filter and the dripper help to enhance temperature stability by reducing water contact with the outer wall of the dripper. The white (bleached) ones have less of a paper taste than the brown (unbleached) Wave filters, but do not hold its shape as well as the brown (unbleached) ones as the white paper is thinner and needs more delicate handling.",out of stock,40750469120075,https://nylon.coffee/products/kalita-wave-filter,,,,2024-05-22T08:42:50.000Z,2025-10-05T02:49:21.000Z,2024-05-22T08:42:49.000Z,0.15 kg,https://cdn.shopify.com/s/files/1/0571/5358/5227/files/DSC02764_-_edited_copy.jpg,"[""https://cdn.shopify.com/s/files/1/0571/5358/5227/files/Kalita_Filters_-_edited_copy.jpg"", ""https://cdn.shopify.com/s/files/1/0571/5358/5227/files/Kalita_Filters_-_edited_copy_2.jpg""]",3.0,,,,,,,,,
7111499808843,Nylon Coffee,Nylon,Kalita Wave Filter,18.0,USD,,"The Kalita Wave filters pair with the Kalita Wave drippers to give a clean and consistent cup. Due to the wave ridges, the air pockets between the filter and the dripper help to enhance temperature stability by reducing water contact with the outer wall of the dripper. The white (bleached) ones have less of a paper taste than the brown (unbleached) Wave filters, but do not hold its shape as well as the brown (unbleached) ones as the white paper is thinner and needs more delicate handling.",out of stock,40750469152843,https://nylon.coffee/products/kalita-wave-filter,,,,2024-05-22T08:42:50.000Z,2025-10-05T02:49:21.000Z,2024-05-22T08:42:49.000Z,0.2 kg,https://cdn.shopify.com/s/files/1/0571/5358/5227/files/DSC02760_-_edited_copy.jpg,"[""https://cdn.shopify.com/s/files/1/0571/5358/5227/files/Kalita_Filters_-_edited_copy.jpg"", ""https://cdn.shopify.com/s/files/1/0571/5358/5227/files/Kalita_Filters_-_edited_copy_2.jpg""]",3.0,,,,,,,,,
7111492763723,Nylon Coffee,Nylon,MHW-3BOMBER Coffee Scale 2.0,44.0,USD,,"We have tried many scales and came across these MHW-3BOMBER weigh scales that stands out for its minimalist design, features and affordability. With the ability to weigh in 0.1g increments, all the way up to 2kg, it is perfect for weighing and brewing coffees, for both espresso or filter coffees alike. A weighing scale that will greatly improve the consistency and accuracy of your brews.",out of stock,MiniScale,https://nylon.coffee/products/mhw-3bomber-mini-coffee-scale-2-0,,Mini Scale,,2024-05-22T07:46:09.000Z,2025-10-05T02:49:21.000Z,2024-05-22T07:46:09.000Z,0.6 kg,https://cdn.shopify.com/s/files/1/0571/5358/5227/files/DSC02723_-_edited_copy.jpg,"[""https://cdn.shopify.com/s/files/1/0571/5358/5227/files/Scales_Group_copy.jpg"", ""https://cdn.shopify.com/s/files/1/0571/5358/5227/files/Scales_Group.jpg""]",3.0,,,,,,,,,
7111492763723,Nylon Coffee,Nylon,MHW-3BOMBER Coffee Scale 2.0,48.0,USD,,"We have tried many scales and came across these MHW-3BOMBER weigh scales that stands out for its minimalist design, features and affordability. With the ability to weigh in 0.1g increments, all the way up to 2kg, it is perfect for weighing and brewing coffees, for both espresso or filter coffees alike. A weighing scale that will greatly improve the consistency and accuracy of your brews.",out of stock,CoffeeScale,https://nylon.coffee/products/mhw-3bomber-mini-coffee-scale-2-0,,Coffee Scale,,2024-05-22T07:46:09.000Z,2025-10-05T02:49:21.000Z,2024-05-22T07:46:09.000Z,1 kg,https://cdn.shopify.com/s/files/1/0571/5358/5227/files/DSC02728_-_edited_copy.jpg,"[""https://cdn.shopify.com/s/files/1/0571/5358/5227/files/Scales_Group_copy.jpg"", ""https://cdn.shopify.com/s/files/1/0571/5358/5227/files/Scales_Group.jpg""]",3.0,,,,,,,,,
7111502889035,Nylon Coffee,Nylon,Cafec Abaca Flat Bottom Filter Paper,8.5,USD,,"CAFEC is the brain child of Sanyo Sangyo, the Japanese pioneer filter paper manufacturer which developed the world’s first cone shaped filter paper. The company is very passionate about coffee & specifically drip coffee and even have their own roastery and restaurant. They want to make drip coffee easily accessible to everyone, whether it is coffee professionals or home brewers. Over the years, they have brought about a host of innovations & industry firsts to their drip coffee equipment which includes ABACA filter paper & Arita ware coffee dripper.",out of stock,102filter,https://nylon.coffee/products/cafec-abaca-flat-bottom-filter-paper,,#102,,2024-05-22T09:20:14.000Z,2025-10-05T02:49:21.000Z,2024-05-22T09:20:14.000Z,0.15 kg,https://cdn.shopify.com/s/files/1/0571/5358/5227/files/DSC02689_-_edited_1_copy_2.jpg,"[""https://cdn.shopify.com/s/files/1/0571/5358/5227/files/Trapezoid_Filters_2.jpg"", ""https://cdn.shopify.com/s/files/1/0571/5358/5227/files/Trapezoid_Filters_2_copy.jpg""]",3.0,,,,,,,,,
7111502889035,Nylon Coffee,Nylon,Cafec Abaca Flat Bottom Filter Paper,10.0,USD,,"CAFEC is the brain child of Sanyo Sangyo, the Japanese pioneer filter paper manufacturer which developed the world’s first cone shaped filter paper. The company is very passionate about coffee & specifically drip coffee and even have their own roastery and restaurant. They want to make drip coffee easily accessible to everyone, whether it is coffee professionals or home brewers. Over the years, they have brought about a host of innovations & industry firsts to their drip coffee equipment which includes ABACA filter paper & Arita ware coffee dripper.",out of stock,103filter,https://nylon.coffee/products/cafec-abaca-flat-bottom-filter-paper,,#103,,2024-05-22T09:20:14.000Z,2025-10-05T02:49:21.000Z,2024-05-22T09:20:14.000Z,0.2 kg,https://cdn.shopify.com/s/files/1/0571/5358/5227/files/DSC02749_-_edited_1_copy.jpg,"[""https://cdn.shopify.com/s/files/1/0571/5358/5227/files/Trapezoid_Filters_2.jpg"", ""https://cdn.shopify.com/s/files/1/0571/5358/5227/files/Trapezoid_Filters_2_copy.jpg""]",3.0,,,,,,,,,
7111806746699,Nylon Coffee,Nylon,Nylon x MiiR 12oz Flavour Cup,45.0,USD,,"Part of our Go Green campaign is to encourage the use of reusable cups for those who need coffee on the go. We met with the guys from MiiR few years back at a coffee trade show in Boston and were impressed by their principles and mission to do better for the environment and communities. In line with our own philosophy to work closer with like-minded suppliers that produce a world class product whilst making a difference to our world, we are thrilled to be collaborating with MiiR for our latest coffee cup.",out of stock,CampCup,https://nylon.coffee/products/nylon-flavour-cup,,,,2024-05-23T03:09:23.000Z,2025-10-05T02:49:22.000Z,2025-05-08T08:11:03.000Z,0.31 kg,https://cdn.shopify.com/s/files/1/0571/5358/5227/files/Photoroom_20250508_1329362.jpg,"[""https://cdn.shopify.com/s/files/1/0571/5358/5227/files/Photoroom_20250508_143244.jpg"", ""https://cdn.shopify.com/s/files/1/0571/5358/5227/files/Photoroom_20250508_143612.jpg"", ""https://cdn.shopify.com/s/files/1/0571/5358/5227/files/Photoroom_20250508_143725.jpg""]",4.0,,,,,,,,,
7141390516299,Nylon Coffee,Nylon,Filter Coffee Subscription,25.0,USD,,Whole Beans Recommended for any percolation and immersion brewing as well as automatic filter machines.,out of stock,FilterSub1,https://nylon.coffee/products/filter-coffee-subscription,,,,2024-06-06T09:14:45.000Z,2025-10-05T02:49:22.000Z,2024-06-06T09:14:45.000Z,0.31 kg,https://cdn.shopify.com/s/files/1/0571/5358/5227/files/1-bag-icon.svg,"[""https://cdn.shopify.com/s/files/1/0571/5358/5227/files/filter-icon.svg""]",2.0,,,,,,,,,
7141390516299,Nylon Coffee,Nylon,Filter Coffee Subscription,48.0,USD,,Whole Beans Recommended for any percolation and immersion brewing as well as automatic filter machines.,out of stock,FilterSub2,https://nylon.coffee/products/filter-coffee-subscription,,,,2024-06-06T09:14:45.000Z,2025-10-05T02:49:22.000Z,2024-06-06T09:14:45.000Z,0.62 kg,https://cdn.shopify.com/s/files/1/0571/5358/5227/files/2-bag-icon.svg,"[""https://cdn.shopify.com/s/files/1/0571/5358/5227/files/filter-icon.svg""]",2.0,,,,,,,,,
7141390516299,Nylon Coffee,Nylon,Filter Coffee Subscription,68.0,USD,,Whole Beans Recommended for any percolation and immersion brewing as well as automatic filter machines.,out of stock,FilterSub3,https://nylon.coffee/products/filter-coffee-subscription,,,,2024-06-06T09:14:45.000Z,2025-10-05T02:49:22.000Z,2024-06-06T09:14:45.000Z,0.93 kg,https://cdn.shopify.com/s/files/1/0571/5358/5227/files/3-bag-icon.svg,"[""https://cdn.shopify.com/s/files/1/0571/5358/5227/files/filter-icon.svg""]",2.0,,,,,,,,,
7141390516299,Nylon Coffee,Nylon,Filter Coffee Subscription,88.0,USD,,Whole Beans Recommended for any percolation and immersion brewing as well as automatic filter machines.,out of stock,FilterSub4,https://nylon.coffee/products/filter-coffee-subscription,,,,2024-06-06T09:14:45.000Z,2025-10-05T02:49:22.000Z,2024-06-06T09:14:45.000Z,1.24 kg,https://cdn.shopify.com/s/files/1/0571/5358/5227/files/4-bag-icon.svg,"[""https://cdn.shopify.com/s/files/1/0571/5358/5227/files/filter-icon.svg""]",2.0,,,,,,,,,
7111519043659,Nylon Coffee,Nylon,Kimberly-Clark Kimtech Precision Wipes,5.5,USD,,"Kimtech Science Precision Wipes are value-conscious tissue wipers that offer reliable wiping performance for delicate tasks. They are 1-ply, compactly sized (4.4” x 8.4”), soft and absorbent, designed for general cleaning tasks and feature the anti-static (“anti-stat”) dispensing system. These versatile, value wipers useful for polishing glass, wiping surfaces, general cleaning tasks, including instrumentation, surface, parts and lens cleaning. The Pop-Up Box is coated to keep the wipes clean and dry and is designed for easy, one-at-a-time dispensing. We use it extensively to clean the lens of our refractometer after use!",out of stock,Kimtech,https://nylon.coffee/products/kimberly-clark-kimtech-precision-wipes,,,,2024-05-22T10:56:27.000Z,2025-10-05T02:49:22.000Z,2024-05-22T10:56:27.000Z,0.15 kg,https://cdn.shopify.com/s/files/1/0571/5358/5227/files/DSC02680_-_edited.jpg,"[""https://cdn.shopify.com/s/files/1/0571/5358/5227/files/DSC02680_-_edited_copy.jpg""]",2.0,,,,,,,,,
7279588147275,Nylon Coffee,Nylon,Timemore B75 Crystal Eye Dripper,25.0,USD,,"A relatively new dripper to the market, the Timemore B75 Dripper is a flat-bottom brewer designed for basket-style filters, like the Kalita wave filter paper. Its unique shape and wide base promotes faster drainage and ensures even extraction, delivering a cup with clarity, balanced flavours with plenty of sweetness from the coffee. This is the amber black version. Dimensions: 90 x 98 x 72mm Be sure to add some filter papers so you're ready to make some delicious brews immediately.",out of stock,TMB75,https://nylon.coffee/products/timemore-crystal-eye-dripper,,,,2025-01-07T16:12:52.000Z,2025-10-05T02:49:23.000Z,2025-01-07T16:16:54.000Z,0.3 kg,https://cdn.shopify.com/s/files/1/0571/5358/5227/files/Photoroom_20250102_162837.png,"[""https://cdn.shopify.com/s/files/1/0571/5358/5227/files/Photoroom_20250102_162952.png"", ""https://cdn.shopify.com/s/files/1/0571/5358/5227/files/Photoroom_20250102_164835.png""]",3.0,,,,,,,,,
7111506526283,Nylon Coffee,Nylon,Cafec Abaca Cone Shaped Filter Paper,7.5,USD,,"CAFEC is the brain child of Sanyo Sangyo, the Japanese pioneer filter paper manufacturer which developed the world’s first cone shaped filter paper. The company is very passionate about coffee & specifically drip coffee and even have their own roastery and restaurant. They want to make drip coffee easily accessible to everyone, whether it is coffee professionals or home brewers. Over the years, they have brought about a host of innovations & industry firsts to their drip coffee equipment which includes ABACA filter paper & Arita ware coffee dripper. This filter is for 1 cup brewing.",out of stock,v01filter,https://nylon.coffee/products/cafec-abaca-cone-shaped-filter-paper,,,,2024-05-22T09:53:13.000Z,2025-10-05T02:49:23.000Z,2024-05-22T09:53:13.000Z,0.15 kg,https://cdn.shopify.com/s/files/1/0571/5358/5227/files/Cone_Filter_1_cup_copy.jpg,"[""https://cdn.shopify.com/s/files/1/0571/5358/5227/files/Cone_Filter_1_cup_GREEN.jpg""]",2.0,,,,,,,,,
7267394617419,Nylon Coffee,Nylon,Espresso Coffee Subscription,26.0,USD,,"Whole Beans Suitable for espresso machines, moka stove-tops or if you prefer a medium roast.",out of stock,EspSub1,https://nylon.coffee/products/espresso-coffee-subscription,,,,2024-12-05T02:04:28.000Z,2025-10-05T02:49:23.000Z,2024-12-05T02:04:37.000Z,0.36 kg,https://cdn.shopify.com/s/files/1/0571/5358/5227/files/espresso-1-bag.svg,"[""https://cdn.shopify.com/s/files/1/0571/5358/5227/files/espresso.svg""]",2.0,,,,,,,,,
7267394617419,Nylon Coffee,Nylon,Espresso Coffee Subscription,48.0,USD,,"Whole Beans Suitable for espresso machines, moka stove-tops or if you prefer a medium roast.",out of stock,EspSub2,https://nylon.coffee/products/espresso-coffee-subscription,,,,2024-12-05T02:04:28.000Z,2025-10-05T02:49:23.000Z,2024-12-05T02:04:37.000Z,0.72 kg,https://cdn.shopify.com/s/files/1/0571/5358/5227/files/espresso-2-bag.svg,"[""https://cdn.shopify.com/s/files/1/0571/5358/5227/files/espresso.svg""]",2.0,,,,,,,,,
7267394617419,Nylon Coffee,Nylon,Espresso Coffee Subscription,70.0,USD,,"Whole Beans Suitable for espresso machines, moka stove-tops or if you prefer a medium roast.",out of stock,EspSub3,https://nylon.coffee/products/espresso-coffee-subscription,,,,2024-12-05T02:04:28.000Z,2025-10-05T02:49:23.000Z,2024-12-05T02:04:37.000Z,1.1 kg,https://cdn.shopify.com/s/files/1/0571/5358/5227/files/espresso-3-bag.svg,"[""https://cdn.shopify.com/s/files/1/0571/5358/5227/files/espresso.svg""]",2.0,,,,,,,,,
7267394617419,Nylon Coffee,Nylon,Espresso Coffee Subscription,90.0,USD,,"Whole Beans Suitable for espresso machines, moka stove-tops or if you prefer a medium roast.",out of stock,EspSub4,https://nylon.coffee/products/espresso-coffee-subscription,,,,2024-12-05T02:04:28.000Z,2025-10-05T02:49:23.000Z,2024-12-05T02:04:37.000Z,1.45 kg,https://cdn.shopify.com/s/files/1/0571/5358/5227/files/espresso-4-bag.svg,"[""https://cdn.shopify.com/s/files/1/0571/5358/5227/files/espresso.svg""]",2.0,,,,,,,,,
7111515242571,Nylon Coffee,Nylon,Espazzola Grouphead Cleaner v2.0,50.0,USD,,"The latest version of Espazzola is a professional tool for cleaning the group-head of espresso machines. It is mounted into the group-head like a portafilter and uses the hot water from the machine for a thorough and comprehensive removal of the coffee residues from all surfaces. Instead of brushing the group-head by hand, the machine cleans itself almost automatically without scalding your hands. Fast, easy and safe!",out of stock,RedEspazzola,https://nylon.coffee/products/espazzola-grouphead-cleaner,,,,2024-05-22T10:47:19.000Z,2025-10-05T02:49:24.000Z,2024-05-22T10:47:19.000Z,0.3 kg,https://cdn.shopify.com/s/files/1/0571/5358/5227/files/Espazzola-2_3-58-red-Front-1600px-editedcopy.jpg,"[""https://cdn.shopify.com/s/files/1/0571/5358/5227/files/Espazzolacopy.jpg"", ""https://cdn.shopify.com/s/files/1/0571/5358/5227/files/Espazzola.jpg""]",3.0,,,,,,,,,
7111515242571,Nylon Coffee,Nylon,Espazzola Grouphead Cleaner v2.0,55.0,USD,,"The latest version of Espazzola is a professional tool for cleaning the group-head of espresso machines. It is mounted into the group-head like a portafilter and uses the hot water from the machine for a thorough and comprehensive removal of the coffee residues from all surfaces. Instead of brushing the group-head by hand, the machine cleans itself almost automatically without scalding your hands. Fast, easy and safe!",out of stock,BlackEspazzola,https://nylon.coffee/products/espazzola-grouphead-cleaner,,,,2024-05-22T10:47:19.000Z,2025-10-05T02:49:24.000Z,2024-05-22T10:47:19.000Z,0.3 kg,https://cdn.shopify.com/s/files/1/0571/5358/5227/files/Espazzola-2_3-58-black-Front-1600px-editedcopy.jpg,"[""https://cdn.shopify.com/s/files/1/0571/5358/5227/files/Espazzolacopy.jpg"", ""https://cdn.shopify.com/s/files/1/0571/5358/5227/files/Espazzola.jpg""]",3.0,,,,,,,,,
7111515242571,Nylon Coffee,Nylon,Espazzola Grouphead Cleaner v2.0,16.0,USD,,"The latest version of Espazzola is a professional tool for cleaning the group-head of espresso machines. It is mounted into the group-head like a portafilter and uses the hot water from the machine for a thorough and comprehensive removal of the coffee residues from all surfaces. Instead of brushing the group-head by hand, the machine cleans itself almost automatically without scalding your hands. Fast, easy and safe!",out of stock,v01membrane,https://nylon.coffee/products/espazzola-grouphead-cleaner,,,,2024-05-22T10:47:19.000Z,2025-10-05T02:49:24.000Z,2024-05-22T10:47:19.000Z,0.1 kg,https://cdn.shopify.com/s/files/1/0571/5358/5227/files/DSC02927_-_edited_copy_3.jpg,"[""https://cdn.shopify.com/s/files/1/0571/5358/5227/files/Espazzolacopy.jpg"", ""https://cdn.shopify.com/s/files/1/0571/5358/5227/files/Espazzola.jpg""]",3.0,,,,,,,,,
7111515242571,Nylon Coffee,Nylon,Espazzola Grouphead Cleaner v2.0,15.0,USD,,"The latest version of Espazzola is a professional tool for cleaning the group-head of espresso machines. It is mounted into the group-head like a portafilter and uses the hot water from the machine for a thorough and comprehensive removal of the coffee residues from all surfaces. Instead of brushing the group-head by hand, the machine cleans itself almost automatically without scalding your hands. Fast, easy and safe!",out of stock,v02membrane,https://nylon.coffee/products/espazzola-grouphead-cleaner,,,,2024-05-22T10:47:19.000Z,2025-10-05T02:49:24.000Z,2024-05-22T10:47:19.000Z,0.1 kg,https://cdn.shopify.com/s/files/1/0571/5358/5227/files/DSC02921_-_edited_copy.jpg,"[""https://cdn.shopify.com/s/files/1/0571/5358/5227/files/Espazzolacopy.jpg"", ""https://cdn.shopify.com/s/files/1/0571/5358/5227/files/Espazzola.jpg""]",3.0,,,,,,,,,
7267395272779,Nylon Coffee,Nylon,Espresso+Filter Coffee Subscription,48.0,USD,,Whole Beans Brewing filter coffee as well as pulling espressos shots? This combo will be perfect for you.,out of stock,ComboSub2,https://nylon.coffee/products/combo-coffee-subscription,,,,2024-12-05T02:07:46.000Z,2025-10-05T02:02:16.000Z,2024-12-05T02:07:46.000Z,0.7 kg,https://cdn.shopify.com/s/files/1/0571/5358/5227/files/combo-2-bag.svg,"[""https://cdn.shopify.com/s/files/1/0571/5358/5227/files/espresso-filter_4992b75e-60d3-4391-8b79-8ceddec80a89.svg""]",2.0,,,,,,,,,
7267395272779,Nylon Coffee,Nylon,Espresso+Filter Coffee Subscription,90.0,USD,,Whole Beans Brewing filter coffee as well as pulling espressos shots? This combo will be perfect for you.,out of stock,ComboSub4,https://nylon.coffee/products/combo-coffee-subscription,,,,2024-12-05T02:07:46.000Z,2025-10-05T02:02:16.000Z,2024-12-05T02:07:46.000Z,1.25 kg,https://cdn.shopify.com/s/files/1/0571/5358/5227/files/combo-4-bag.svg,"[""https://cdn.shopify.com/s/files/1/0571/5358/5227/files/espresso-filter_4992b75e-60d3-4391-8b79-8ceddec80a89.svg""]",2.0,,,,,,,,,
7283862306891,Nylon Coffee,Nylon,Nylon x Kloth Tote Bag,35.0,USD,,"The wait is over – introducing our brand-new Nylon Tote Bags! When we roll out new merchandise, it has always been our goal to simultaneously do good socially and environmentally. Over the years, we’ve had a few Nylon totes that tied in with our anniversaries. This year, we’ve partnered with Kloth Woman Up, an initiative empowering women in marginalized communities across Singapore and Malaysia. This group of industrious women are trained to operate machines to make pieces with their own hands. They can now earn extra income while creating beautiful pieces. Swipe to see the behind-the-scenes process! Available in two bold colors – yellow and blue – they perfectly echo the vibrancy of our coffee retail bags. Made from a blend of 65% recycled polyester and 35% organic cotton, there is a main compartment to carry everything you need and a handy front pocket to keep your essentials within easy reach. Get yours today and support women’s empowerment while looking good!",out of stock,YellowTote,https://nylon.coffee/products/nylon-tote-bag-2025,,,,2025-01-15T08:02:35.000Z,2025-10-05T02:49:24.000Z,2025-01-15T08:18:50.000Z,0.3 kg,https://cdn.shopify.com/s/files/1/0571/5358/5227/files/Photoroom_20250115_153911.jpg,"[""https://cdn.shopify.com/s/files/1/0571/5358/5227/files/2_tote_bags.png"", ""https://cdn.shopify.com/s/files/1/0571/5358/5227/files/Slide_3.jpg"", ""https://cdn.shopify.com/s/files/1/0571/5358/5227/files/Slide_5.jpg"", ""https://cdn.shopify.com/s/files/1/0571/5358/5227/files/Slide_6.jpg""]",5.0,,,,,,,,,
7283424165963,Nylon Coffee,Nylon,Honduras El Puente,26.0,USD,,,out of stock,EP300,https://nylon.coffee/products/honduras-el-puente,,300g,,2025-01-14T05:51:48.000Z,2025-10-05T02:49:24.000Z,2025-09-10T16:12:21.000Z,0.36 kg,https://cdn.shopify.com/s/files/1/0571/5358/5227/files/EP-white_9711164b-cc5c-4c18-92cd-567e446ff747.jpg,"[""https://cdn.shopify.com/s/files/1/0571/5358/5227/files/EP-green_7e1e556c-1177-4f93-b3ae-d0ceeb22c3ca.jpg"", ""https://cdn.shopify.com/s/files/1/0571/5358/5227/files/IMG_5355_Large_a3465413-abf9-49a4-b87b-a92fde7c19a1.jpg""]",3.0,,,,,,,,,
7283862306891,Nylon Coffee,Nylon,Nylon x Kloth Tote Bag,35.0,USD,,"The wait is over – introducing our brand-new Nylon Tote Bags! When we roll out new merchandise, it has always been our goal to simultaneously do good socially and environmentally. Over the years, we’ve had a few Nylon totes that tied in with our anniversaries. This year, we’ve partnered with Kloth Woman Up, an initiative empowering women in marginalized communities across Singapore and Malaysia. This group of industrious women are trained to operate machines to make pieces with their own hands. They can now earn extra income while creating beautiful pieces. Swipe to see the behind-the-scenes process! Available in two bold colors – yellow and blue – they perfectly echo the vibrancy of our coffee retail bags. Made from a blend of 65% recycled polyester and 35% organic cotton, there is a main compartment to carry everything you need and a handy front pocket to keep your essentials within easy reach. Get yours today and support women’s empowerment while looking good!",out of stock,BlueTote,https://nylon.coffee/products/nylon-tote-bag-2025,,,,2025-01-15T08:02:35.000Z,2025-10-05T02:49:24.000Z,2025-01-15T08:18:50.000Z,0.3 kg,https://cdn.shopify.com/s/files/1/0571/5358/5227/files/Photoroom_20250115_154025.jpg,"[""https://cdn.shopify.com/s/files/1/0571/5358/5227/files/2_tote_bags.png"", ""https://cdn.shopify.com/s/files/1/0571/5358/5227/files/Slide_3.jpg"", ""https://cdn.shopify.com/s/files/1/0571/5358/5227/files/Slide_5.jpg"", ""https://cdn.shopify.com/s/files/1/0571/5358/5227/files/Slide_6.jpg"", ""https://cdn.shopify.com/s/files/1/0571/5358/5227/files/Photoroom_20250115_153911.jpg""]",6.0,,,,,,,,,
7283424165963,Nylon Coffee,Nylon,Honduras El Puente,73.7,USD,,,out of stock,EP1kg,https://nylon.coffee/products/honduras-el-puente,,1kg,,2025-01-14T05:51:48.000Z,2025-10-05T02:49:24.000Z,2025-09-10T16:12:21.000Z,1.1 kg,https://cdn.shopify.com/s/files/1/0571/5358/5227/files/EP-1kg_d39f26f9-3207-415d-a762-70f046381cf4.jpg,"[""https://cdn.shopify.com/s/files/1/0571/5358/5227/files/EP-green_7e1e556c-1177-4f93-b3ae-d0ceeb22c3ca.jpg"", ""https://cdn.shopify.com/s/files/1/0571/5358/5227/files/IMG_5355_Large_a3465413-abf9-49a4-b87b-a92fde7c19a1.jpg"", ""https://cdn.shopify.com/s/files/1/0571/5358/5227/files/EP-white_9711164b-cc5c-4c18-92cd-567e446ff747.jpg""]",4.0,,,,,,,,,
7314653020235,Nylon Coffee,Nylon,Timemore Wave Filter,7.5,USD,,"We started using the Timemore flat bottom filter paper since 2024. This filter fits single cup flat bottom dripper including Timemore B75 crystal dripper, Kalita flat bottom drippers or the Origami dripper. These are made of natural wood fibers from Japan and do not contain any additives and is odourless. The wave design allows water to flow down evenly and the flat bottom helps with full contact of the water and the coffee grounds. The filters have a fine texture and better permeability that prevents fine particles from choking up the filter. Each pack of 50 filters are packaged in a box to hold the shape. This filter is suited for 1 cup brew.",out of stock,TM155filter,https://nylon.coffee/products/timemore-wave-filter,,,,2025-03-15T15:46:21.000Z,2025-10-05T02:49:25.000Z,2025-03-16T04:59:36.000Z,0.15 kg,https://cdn.shopify.com/s/files/1/0571/5358/5227/files/Photoroom_20250316_125436.png,"[""https://cdn.shopify.com/s/files/1/0571/5358/5227/files/Photoroom_20250316_125238.jpg"", ""https://cdn.shopify.com/s/files/1/0571/5358/5227/files/TimemoreFilter-4_1800x1800_jpg.webp"", ""https://cdn.shopify.com/s/files/1/0571/5358/5227/files/TimemoreFilter-1_1800x1800_jpg.webp"", ""https://cdn.shopify.com/s/files/1/0571/5358/5227/files/TimemoreFilter-2_1800x1800_d8d10738-02bd-4761-90f8-ee47efadc755.jpg""]",5.0,,,,,,,,,
7422234886219,Nylon Coffee,Nylon,Standart Issue 39,39.0,USD,,"Awarded Best Coffee Magazine and Best European Indie Magazine of 2023, Standart is an independent print magazine that delves into the fascinating world of coffee culture, delivering inspiring literary journeys for coffee lovers, regardless of their level of expertise. Delivered quarterly to the doorsteps of more than 11,000 readers worldwide, each issue presents a harmonious blend of stories and perspectives encompassing every aspect of the coffee chain, from seed to cup. Covering a wide range of topics, from the historical to the sociological, scientific, and cultural, approaching every theme with precision and expertise.",out of stock,Standart39,https://nylon.coffee/products/standart-issue-39,,,,2025-08-19T04:26:49.000Z,2025-10-05T02:49:25.000Z,2025-08-19T04:40:11.000Z,0.4 kg,https://cdn.shopify.com/s/files/1/0571/5358/5227/files/Photoroom_20250819_092129.jpg,"[""https://cdn.shopify.com/s/files/1/0571/5358/5227/files/Photoroom_20250819_092201.jpg"", ""https://cdn.shopify.com/s/files/1/0571/5358/5227/files/2025_06_01_standart_398919_1.webp"", ""https://cdn.shopify.com/s/files/1/0571/5358/5227/files/2025_06_01_standart_398876.webp""]",4.0,,,,,,,,,
7428836524107,Nylon Coffee,Nylon,Guatemala La Florida,29.0,USD,,,out of stock,LF300,https://nylon.coffee/products/guatemala-la-florida,,300g,,2025-09-03T16:15:53.000Z,2025-10-05T02:49:25.000Z,2025-09-03T16:23:06.000Z,0.36 kg,https://cdn.shopify.com/s/files/1/0571/5358/5227/files/florida-white.jpg,"[""https://cdn.shopify.com/s/files/1/0571/5358/5227/files/florida-green.jpg"", ""https://cdn.shopify.com/s/files/1/0571/5358/5227/files/FLR02210_Large_728cd3a4-35a0-43f7-bc8f-77490d102511.jpg""]",3.0,,,,,,,,,
7428836524107,Nylon Coffee,Nylon,Guatemala La Florida,82.2,USD,,,out of stock,LF1kg,https://nylon.coffee/products/guatemala-la-florida,,1kg,,2025-09-03T16:15:53.000Z,2025-10-05T02:49:25.000Z,2025-09-03T16:23:06.000Z,1.1 kg,https://cdn.shopify.com/s/files/1/0571/5358/5227/files/florida-1kg.jpg,"[""https://cdn.shopify.com/s/files/1/0571/5358/5227/files/florida-green.jpg"", ""https://cdn.shopify.com/s/files/1/0571/5358/5227/files/FLR02210_Large_728cd3a4-35a0-43f7-bc8f-77490d102511.jpg"", ""https://cdn.shopify.com/s/files/1/0571/5358/5227/files/florida-white.jpg""]",4.0,,,,,,,,,
7111815790667,Nylon Coffee,Nylon,Gift Voucher,5.0,USD,,Thinking of gifting someone who loves coffee but have no idea what to gift? Why not send them a gift voucher to shop on our webshop for some delicious coffee beans or brewing accessories or even some freshly brewed coffees at Nylon?,out of stock,40751695659083,https://nylon.coffee/products/gift-voucher,,,,2024-05-23T05:00:41.000Z,2025-10-05T02:49:25.000Z,2024-12-24T10:12:05.000Z,,https://cdn.shopify.com/s/files/1/0571/5358/5227/files/5voucher.jpg,"[""https://cdn.shopify.com/s/files/1/0571/5358/5227/files/giftvoucher.jpg"", ""https://cdn.shopify.com/s/files/1/0571/5358/5227/files/giftvoucher_green.jpg""]",3.0,,,,,,,,,
7111815790667,Nylon Coffee,Nylon,Gift Voucher,10.0,USD,,Thinking of gifting someone who loves coffee but have no idea what to gift? Why not send them a gift voucher to shop on our webshop for some delicious coffee beans or brewing accessories or even some freshly brewed coffees at Nylon?,out of stock,40751695691851,https://nylon.coffee/products/gift-voucher,,,,2024-05-23T05:00:41.000Z,2025-10-05T02:49:25.000Z,2024-12-24T10:12:05.000Z,,https://cdn.shopify.com/s/files/1/0571/5358/5227/files/10voucher.jpg,"[""https://cdn.shopify.com/s/files/1/0571/5358/5227/files/giftvoucher.jpg"", ""https://cdn.shopify.com/s/files/1/0571/5358/5227/files/giftvoucher_green.jpg""]",3.0,,,,,,,,,
7111815790667,Nylon Coffee,Nylon,Gift Voucher,25.0,USD,,Thinking of gifting someone who loves coffee but have no idea what to gift? Why not send them a gift voucher to shop on our webshop for some delicious coffee beans or brewing accessories or even some freshly brewed coffees at Nylon?,out of stock,40751695724619,https://nylon.coffee/products/gift-voucher,,,,2024-05-23T05:00:41.000Z,2025-10-05T02:49:25.000Z,2024-12-24T10:12:05.000Z,,https://cdn.shopify.com/s/files/1/0571/5358/5227/files/25voucher.jpg,"[""https://cdn.shopify.com/s/files/1/0571/5358/5227/files/giftvoucher.jpg"", ""https://cdn.shopify.com/s/files/1/0571/5358/5227/files/giftvoucher_green.jpg""]",3.0,,,,,,,,,
7111815790667,Nylon Coffee,Nylon,Gift Voucher,50.0,USD,,Thinking of gifting someone who loves coffee but have no idea what to gift? Why not send them a gift voucher to shop on our webshop for some delicious coffee beans or brewing accessories or even some freshly brewed coffees at Nylon?,out of stock,40751695757387,https://nylon.coffee/products/gift-voucher,,,,2024-05-23T05:00:41.000Z,2025-10-05T02:49:25.000Z,2024-12-24T10:12:05.000Z,,https://cdn.shopify.com/s/files/1/0571/5358/5227/files/50voucher.jpg,"[""https://cdn.shopify.com/s/files/1/0571/5358/5227/files/giftvoucher.jpg"", ""https://cdn.shopify.com/s/files/1/0571/5358/5227/files/giftvoucher_green.jpg""]",3.0,,,,,,,,,
7111815790667,Nylon Coffee,Nylon,Gift Voucher,100.0,USD,,Thinking of gifting someone who loves coffee but have no idea what to gift? Why not send them a gift voucher to shop on our webshop for some delicious coffee beans or brewing accessories or even some freshly brewed coffees at Nylon?,out of stock,40751695790155,https://nylon.coffee/products/gift-voucher,,,,2024-05-23T05:00:41.000Z,2025-10-05T02:49:25.000Z,2024-12-24T10:12:05.000Z,,https://cdn.shopify.com/s/files/1/0571/5358/5227/files/100voucher.jpg,"[""https://cdn.shopify.com/s/files/1/0571/5358/5227/files/giftvoucher.jpg"", ""https://cdn.shopify.com/s/files/1/0571/5358/5227/files/giftvoucher_green.jpg""]",3.0,,,,,,,,,
7441552834635,Nylon Coffee,Nylon,Ethiopia Danche Organic,26.0,USD,,,out of stock,Danche,https://nylon.coffee/products/ethiopia-danche-organic,,,,2025-09-24T15:41:30.000Z,2025-10-05T02:49:26.000Z,2025-09-24T15:56:42.000Z,0.26 kg,https://cdn.shopify.com/s/files/1/0571/5358/5227/files/danche-white_2088000a-d3b5-4cc0-a93b-6d889ce97950.jpg,"[""https://cdn.shopify.com/s/files/1/0571/5358/5227/files/danche-green_b97b7692-8e1f-4013-97a3-cafc7303b65f.jpg"", ""https://cdn.shopify.com/s/files/1/0571/5358/5227/files/25d9ac8aaebe19acb3ebc2050ee13680.jpg"", ""https://cdn.shopify.com/s/files/1/0571/5358/5227/files/ff203ea42b1d068752dfef5a922d9e0a.jpg"", ""https://cdn.shopify.com/s/files/1/0571/5358/5227/files/bcc342b0046261766a8da15576dd4f35.jpg""]",5.0,,,,,,,,,
7430286934091,Nylon Coffee,Nylon,Guatemala La Serrania,35.0,USD,,,out of stock,Serrania,https://nylon.coffee/products/guatemala-la-serrania,,,,2025-09-06T02:47:08.000Z,2025-10-05T02:49:26.000Z,2025-09-06T02:53:39.000Z,0.26 kg,https://cdn.shopify.com/s/files/1/0571/5358/5227/files/serrania-white.jpg,"[""https://cdn.shopify.com/s/files/1/0571/5358/5227/files/serrania-green.jpg"", ""https://cdn.shopify.com/s/files/1/0571/5358/5227/files/00007LaSerrania.jpg"", ""https://cdn.shopify.com/s/files/1/0571/5358/5227/files/00002LaSerrania.jpg""]",4.0,,,,,,,,,
7428833247307,Nylon Coffee,Nylon,Kenya AA Baragwi Guama,27.5,USD,,,out of stock,Guama,https://nylon.coffee/products/kenya-baragwi-guama,,,,2025-09-03T16:12:32.000Z,2025-10-05T02:49:26.000Z,2025-09-03T16:15:26.000Z,0.26 kg,https://cdn.shopify.com/s/files/1/0571/5358/5227/files/guama-white.jpg,"[""https://cdn.shopify.com/s/files/1/0571/5358/5227/files/guama-green.jpg""]",2.0,,,,,,,,,
7369141551179,Nylon Coffee,Nylon,Cafec TH-Series Specialty Paper Filter,9.0,USD,,"CAFEC is the brain child of Sanyo Sangyo, the Japanese pioneer filter paper manufacturer which developed the world’s first cone shaped filter paper. The company is very passionate about coffee & specifically drip coffee and even have their own roastery and restaurant. TH-series filter paper is created by CAFEC for specialty coffee enthusiasts to bring out the best of each roast & origin.",out of stock,TH3filter,https://nylon.coffee/products/cafec-th-series-specialty-paper-filter,,,,2025-05-20T08:37:58.000Z,2025-10-05T02:49:26.000Z,2025-05-20T09:08:23.000Z,0.2 kg,https://cdn.shopify.com/s/files/1/0571/5358/5227/files/Photoroom_20250519_175549.jpg,"[""https://cdn.shopify.com/s/files/1/0571/5358/5227/files/Photoroom_20250519_175612.jpg""]",2.0,,,,,,,,,
7444758724683,Nylon Coffee,Nylon,El Salvador Los Pirineos,25.5,USD,,,out of stock,LPEsp,https://nylon.coffee/products/el-salvador-los-pirineos-1,,300g,,2025-09-26T15:55:03.000Z,2025-10-05T02:49:26.000Z,2025-09-26T16:43:57.000Z,0.36 kg,https://cdn.shopify.com/s/files/1/0571/5358/5227/files/LP-white_eda94d24-adf0-420a-8e4d-2f1b60dd3634.jpg,"[""https://cdn.shopify.com/s/files/1/0571/5358/5227/files/LP-green_d5cb7825-6543-41c3-8013-2d727798e7d7.jpg""]",2.0,,,,,,,,,
7444758724683,Nylon Coffee,Nylon,El Salvador Los Pirineos,72.25,USD,,,out of stock,LP1kg,https://nylon.coffee/products/el-salvador-los-pirineos-1,,1kg,,2025-09-26T15:55:03.000Z,2025-10-05T02:49:26.000Z,2025-09-26T16:43:57.000Z,1 kg,https://cdn.shopify.com/s/files/1/0571/5358/5227/files/LP-1kg_9abff32d-79d7-4109-bfe2-4a4a26bed7f0.jpg,"[""https://cdn.shopify.com/s/files/1/0571/5358/5227/files/LP-green_d5cb7825-6543-41c3-8013-2d727798e7d7.jpg"", ""https://cdn.shopify.com/s/files/1/0571/5358/5227/files/LP-white_eda94d24-adf0-420a-8e4d-2f1b60dd3634.jpg""]",3.0,,,,,,,,,
7434360619083,Nylon Coffee,Nylon,Honduras One of a Kind,29.0,USD,,,out of stock,OOAK,https://nylon.coffee/products/honduras-one-of-a-kind,,,,2025-09-15T03:44:12.000Z,2025-10-05T02:49:27.000Z,2025-09-15T06:00:55.000Z,0.26 kg,https://cdn.shopify.com/s/files/1/0571/5358/5227/files/oneofakind-white.jpg,"[""https://cdn.shopify.com/s/files/1/0571/5358/5227/files/oneofakind-green.jpg""]",2.0,,,,,,,,,
7448653987915,Nylon Coffee,Nylon,Ethiopia Basha Bekele,39.0,USD,,,out of stock,Danche,https://nylon.coffee/products/ethiopia-basha-bekele,,,,2025-10-02T03:35:18.000Z,2025-10-05T02:49:27.000Z,2025-10-02T04:18:27.000Z,0.26 kg,https://cdn.shopify.com/s/files/1/0571/5358/5227/files/basha-white.jpg,"[""https://cdn.shopify.com/s/files/1/0571/5358/5227/files/basha-green.jpg"", ""https://cdn.shopify.com/s/files/1/0571/5358/5227/files/1PXL_20221208_061205329.PORTRAIT.jpg"", ""https://cdn.shopify.com/s/files/1/0571/5358/5227/files/PXL_20221208_053828399.jpg""]",4.0,,,,,,,,,
7435767218251,Nylon Coffee,Nylon,Ethiopia Kaffa Bita,29.0,USD,,,out of stock,Kaffa300,https://nylon.coffee/products/ethiopia-kaffa-bita,,300g,,2025-09-17T15:27:46.000Z,2025-10-05T02:49:28.000Z,2025-09-17T16:06:14.000Z,0.36 kg,https://cdn.shopify.com/s/files/1/0571/5358/5227/files/kaffa-WHITE.jpg,"[""https://cdn.shopify.com/s/files/1/0571/5358/5227/files/kaffa-green.jpg"", ""https://cdn.shopify.com/s/files/1/0571/5358/5227/files/Ethiopia_Kaffa_Bita_2.jpg"", ""https://cdn.shopify.com/s/files/1/0571/5358/5227/files/Ethiopia_Kaffa_Bita_1.png""]",4.0,,,,,,,,,
7435767218251,Nylon Coffee,Nylon,Ethiopia Kaffa Bita,82.2,USD,,,out of stock,Kaffa1kg,https://nylon.coffee/products/ethiopia-kaffa-bita,,1kg,,2025-09-17T15:27:46.000Z,2025-10-05T02:49:28.000Z,2025-09-17T16:06:14.000Z,1.1 kg,https://cdn.shopify.com/s/files/1/0571/5358/5227/files/kaffa1kg.jpg,"[""https://cdn.shopify.com/s/files/1/0571/5358/5227/files/kaffa-green.jpg"", ""https://cdn.shopify.com/s/files/1/0571/5358/5227/files/Ethiopia_Kaffa_Bita_2.jpg"", ""https://cdn.shopify.com/s/files/1/0571/5358/5227/files/Ethiopia_Kaffa_Bita_1.png"", ""https://cdn.shopify.com/s/files/1/0571/5358/5227/files/kaffa-WHITE.jpg""]",5.0,,,,,,,,,
7441690329163,Nylon Coffee,Nylon,Costa Rica Finca Macho,28.0,USD,,,out of stock,Macho,https://nylon.coffee/products/costa-rica-finca-macho,,,,2025-09-24T15:58:40.000Z,2025-10-05T02:49:28.000Z,2025-09-24T16:09:07.000Z,0.31 kg,https://cdn.shopify.com/s/files/1/0571/5358/5227/files/macho-white_eed8ed86-bc25-4e48-9a8a-463df6d2a99c.jpg,"[""https://cdn.shopify.com/s/files/1/0571/5358/5227/files/macho-green_cbd52248-4074-497e-957f-ce112694843c.jpg"", ""https://cdn.shopify.com/s/files/1/0571/5358/5227/files/CostaRicaSantaRosa1900FincaMacho_2.jpg"", ""https://cdn.shopify.com/s/files/1/0571/5358/5227/files/CostaRicaSantaRosa1900FincaMacho_1.jpg""]",4.0,,,,,,,,,
7111809073227,Nylon Coffee,Nylon,Nylon x MiiR 12oz Flavour Tumbler,42.0,USD,,"Part of our Go Green campaign is to encourage the use of reusable mugs for those who need coffee on the go. We met with the guys from MiiR back in 2018 at a coffee trade show in Boston and were impressed by their principles and mission to do better for the environment and communities. In line with our own philosophy to work closer with like-minded suppliers that produce a world class product whilst making a difference to our world, we are thrilled to be collaborating with MiiR for our latest coffee mug.",out of stock,ThousandHills,https://nylon.coffee/products/nylon-flavour-tumbler,,,,2024-05-23T03:39:48.000Z,2025-10-05T02:59:49.000Z,2025-05-08T07:43:39.000Z,0.31 kg,https://cdn.shopify.com/s/files/1/0571/5358/5227/files/Photoroom_20250508_143813.jpg,"[""https://cdn.shopify.com/s/files/1/0571/5358/5227/files/Photoroom_20250508_144540.jpg"", ""https://cdn.shopify.com/s/files/1/0571/5358/5227/files/Photoroom_20250508_144605.jpg"", ""https://cdn.shopify.com/s/files/1/0571/5358/5227/files/Photoroom_20250508_144026.jpg""]",4.0,,,,,,,,,
7111809073227,Nylon Coffee,Nylon,Nylon x MiiR 12oz Flavour Tumbler,42.0,USD,,"Part of our Go Green campaign is to encourage the use of reusable mugs for those who need coffee on the go. We met with the guys from MiiR back in 2018 at a coffee trade show in Boston and were impressed by their principles and mission to do better for the environment and communities. In line with our own philosophy to work closer with like-minded suppliers that produce a world class product whilst making a difference to our world, we are thrilled to be collaborating with MiiR for our latest coffee mug.",out of stock,TidalBlue,https://nylon.coffee/products/nylon-flavour-tumbler,,,,2024-05-23T03:39:48.000Z,2025-10-05T02:59:49.000Z,2025-05-08T07:43:39.000Z,0.31 kg,https://cdn.shopify.com/s/files/1/0571/5358/5227/files/Photoroom_20250508_144309.jpg,"[""https://cdn.shopify.com/s/files/1/0571/5358/5227/files/Photoroom_20250508_144540.jpg"", ""https://cdn.shopify.com/s/files/1/0571/5358/5227/files/Photoroom_20250508_144605.jpg"", ""https://cdn.shopify.com/s/files/1/0571/5358/5227/files/Photoroom_20250508_144026.jpg""]",4.0,,,,,,,,,
